"ID";"Bezeichner";"Gehäuse";"Stückzahl";"Bezeichnung";"Anbieter und Referenz";
1;"C1005";"CP_Radial_D4.0mm_P2.00mm";1;"47µ";;;
2;"U1009";"DIP-32_W15.24mm_LongPads";1;"628128_DIP32_SSOP32";;;
3;"U1008";"DIP-14_W7.62mm_LongPads";1;"74LS00";;;
4;"U1007";"DIP-16_W7.62mm_LongPads";1;"74LS175";;;
5;"U1006";"DIP-20_W7.62mm_LongPads";1;"74LS245";;;
6;"U1005,U1004";"DIP-20_W7.62mm_LongPads";2;"74LS244";;;
7;"U1003";"DIP-14_W7.62mm_LongPads";1;"74LS30";;;
8;"U1002";"DIP-14_W7.62mm_LongPads";1;"74LS04";;;
9;"U1001";"DIP-14_W7.62mm_LongPads";1;"74LS02";;;
10;"J1001";"PinHeader_1x03_P2.54mm_Vertical";1;"Conn_01x03";;;
11;"C1004,C1003,C1002,C1001";"C_Disc_D3.0mm_W1.6mm_P2.50mm";4;"100nF";;;
12;"X1001";"FPS2_EFS2x29_DIN_male";1;"FPS2_2x29-AC";;;
